{
  "best_model": "SVM",
  "selected_features": [
    "Glucose",
    "SkinThickness",
    "BMI",
    "DiabetesPedigreeFunction"
  ],
  "all_features": [
    "Pregnancies",
    "Glucose",
    "BloodPressure",
    "SkinThickness",
    "Insulin",
    "BMI",
    "DiabetesPedigreeFunction",
    "Age"
  ],
  "baseline_metrics": {
    "accuracy": 0.7467532467532467,
    "precision": 0.6595744680851063,
    "recall": 0.5740740740740741,
    "f1_score": 0.6138613861386139,
    "roc_auc": 0.8146296296296296
  },
  "ga_metrics": {
    "accuracy": 0.7207792207792207,
    "precision": 0.627906976744186,
    "recall": 0.5,
    "f1_score": 0.5567010309278351,
    "roc_auc": 0.79
  },
  "baseline_comparison": {
    "Random Forest": {
      "accuracy": 0.7467532467532467,
      "precision": 0.6595744680851063,
      "recall": 0.5740740740740741,
      "f1_score": 0.6138613861386139,
      "roc_auc": 0.8146296296296296
    },
    "SVM": {
      "accuracy": 0.7532467532467533,
      "precision": 0.6818181818181818,
      "recall": 0.5555555555555556,
      "f1_score": 0.6122448979591837,
      "roc_auc": 0.8101851851851851
    },
    "Logistic Regression": {
      "accuracy": 0.7077922077922078,
      "precision": 0.6,
      "recall": 0.5,
      "f1_score": 0.5454545454545454,
      "roc_auc": 0.8074074074074075
    }
  },
  "ga_comparison": {
    "Random Forest": {
      "accuracy": 0.7012987012987013,
      "precision": 0.5869565217391305,
      "recall": 0.5,
      "f1_score": 0.54,
      "roc_auc": 0.7899999999999999
    },
    "SVM": {
      "accuracy": 0.7207792207792207,
      "precision": 0.627906976744186,
      "recall": 0.5,
      "f1_score": 0.5567010309278351,
      "roc_auc": 0.79
    },
    "Logistic Regression": {
      "accuracy": 0.7207792207792207,
      "precision": 0.627906976744186,
      "recall": 0.5,
      "f1_score": 0.5567010309278351,
      "roc_auc": 0.7875925925925925
    }
  }
}